{"cameraMode":{"drawMode":0,"name":"Shaded","section":"Shading Mode"},"sceneLighting":true,"audioPlay":false,"sceneViewState":{"m_AlwaysRefresh":false,"showFog":true,"showSkybox":true,"showFlares":true,"showImageEffects":true,"showParticleSystems":true,"showVisualEffectGraphs":true,"m_FxEnabled":true},"in2DMode":false,"pivot":{"x":315.7459716796875,"y":292.3902587890625,"z":201.9644317626953},"rotation":{"x":-0.0664382129907608,"y":0.059873104095458987,"z":-0.0039454554207623009,"w":-0.9960635304450989},"size":316.2410583496094,"orthographic":true}